{"google.com": {"median_rtt": 4.3280000000000003, "drop_rate": 0.0, "max_rtt": 26.059999999999999}, "taobao.com": {"median_rtt": 311.73000000000002, "drop_rate": 77.77777777777779, "max_rtt": 319.78800000000001}}