{"quora.com": {"median_rtt": -1, "drop_rate": 100.0, "max_rtt": -1}, "wikipedia.org": {"median_rtt": 5.7809999999999997, "drop_rate": 0.0, "max_rtt": 102.982}, "whatsapp.com": {"median_rtt": 68.259, "drop_rate": 0.0, "max_rtt": 69.037999999999997}, "360.cn": {"median_rtt": 309.80900000000003, "drop_rate": 10.0, "max_rtt": 458.27699999999999}, "wikia.com": {"median_rtt": 5.0279999999999996, "drop_rate": 0.0, "max_rtt": 5.8840000000000003}, "yandex.ru": {"median_rtt": 175.70400000000001, "drop_rate": 0.0, "max_rtt": 176.494}, "flipkart.com": {"median_rtt": 289.74400000000003, "drop_rate": 10.0, "max_rtt": 356.35899999999998}, "google.pl": {"median_rtt": 5.0700000000000003, "drop_rate": 0.0, "max_rtt": 133.928}, "tmall.com": {"median_rtt": 385.94799999999998, "drop_rate": 60.0, "max_rtt": 462.35599999999999}, "baidu.com": {"median_rtt": -1, "drop_rate": 100.0, "max_rtt": -1}, "t.co": {"median_rtt": 8.4420000000000002, "drop_rate": 0.0, "max_rtt": 60.703000000000003}, "netflix.com": {"median_rtt": -1, "drop_rate": 100.0, "max_rtt": -1}, "craigslist.org": {"median_rtt": 75.180999999999997, "drop_rate": 0.0, "max_rtt": 77.191000000000003}, "github.com": {"median_rtt": 78.742000000000004, "drop_rate": 0.0, "max_rtt": 87.775999999999996}, "naver.com": {"median_rtt": -1, "drop_rate": 100.0, "max_rtt": -1}, "popads.net": {"median_rtt": 14.272, "drop_rate": 0.0, "max_rtt": 14.712999999999999}, "cnn.com": {"median_rtt": 5.0499999999999998, "drop_rate": 0.0, "max_rtt": 89.301000000000002}, "blogspot.com": {"median_rtt": 4.3479999999999999, "drop_rate": 0.0, "max_rtt": 5.0960000000000001}, "office.com": {"median_rtt": -1, "drop_rate": 100.0, "max_rtt": -1}, "imgur.com": {"median_rtt": 6.2119999999999997, "drop_rate": 0.0, "max_rtt": 6.8819999999999997}, "google.it": {"median_rtt": 4.4749999999999996, "drop_rate": 0.0, "max_rtt": 137.62100000000001}, "gmw.cn": {"median_rtt": 13.169, "drop_rate": 0.0, "max_rtt": 14.288}, "google.com.mx": {"median_rtt": 4.5060000000000002, "drop_rate": 0.0, "max_rtt": 97.602000000000004}, "360.com": {"median_rtt": 191.27099999999999, "drop_rate": 30.0, "max_rtt": 192.71100000000001}, "microsoft.com": {"median_rtt": -1, "drop_rate": 100.0, "max_rtt": -1}, "google.co.jp": {"median_rtt": 4.46, "drop_rate": 0.0, "max_rtt": 87.578999999999994}, "aliexpress.com": {"median_rtt": 6.4939999999999998, "drop_rate": 0.0, "max_rtt": 111.215}, "ok.ru": {"median_rtt": 261.78800000000001, "drop_rate": 0.0, "max_rtt": 312.25400000000002}, "tianya.cn": {"median_rtt": 312.37099999999998, "drop_rate": 0.0, "max_rtt": 388.89499999999998}, "dropbox.com": {"median_rtt": 5.8159999999999998, "drop_rate": 0.0, "max_rtt": 6.3049999999999997}, "google.com.br": {"median_rtt": 4.4610000000000003, "drop_rate": 10.0, "max_rtt": 5.2530000000000001}, "google.fr": {"median_rtt": 4.3550000000000004, "drop_rate": 0.0, "max_rtt": 4.8929999999999998}, "hao123.com": {"median_rtt": 457.17000000000002, "drop_rate": 10.0, "max_rtt": 589.23299999999995}, "twitch.tv": {"median_rtt": -1, "drop_rate": 100.0, "max_rtt": -1}, "google.com.eg": {"median_rtt": 4.5549999999999997, "drop_rate": 0.0, "max_rtt": 5.4669999999999996}, "taobao.com": {"median_rtt": 303.30599999999998, "drop_rate": 80.0, "max_rtt": 338.30399999999997}, "xinhuanet.com": {"median_rtt": -1, "drop_rate": 100.0, "max_rtt": -1}, "amazon.com": {"median_rtt": -1, "drop_rate": 100.0, "max_rtt": -1}, "cnzz.com": {"median_rtt": 292.49299999999999, "drop_rate": 50.0, "max_rtt": 371.52600000000001}, "yahoo.com": {"median_rtt": 66.469999999999999, "drop_rate": 0.0, "max_rtt": 75.031999999999996}, "wordpress.com": {"median_rtt": 7.2169999999999996, "drop_rate": 0.0, "max_rtt": 9.0299999999999994}, "pinterest.com": {"median_rtt": 5.7699999999999996, "drop_rate": 0.0, "max_rtt": 6.2569999999999997}, "instagram.com": {"median_rtt": 77.343999999999994, "drop_rate": 0.0, "max_rtt": 92.638999999999996}, "tumblr.com": {"median_rtt": -1, "drop_rate": 100.0, "max_rtt": -1}, "adobe.com": {"median_rtt": 44.210999999999999, "drop_rate": 0.0, "max_rtt": 45.968000000000004}, "xhamster.com": {"median_rtt": 153.41900000000001, "drop_rate": 0.0, "max_rtt": 154.14400000000001}, "amazon.in": {"median_rtt": -1, "drop_rate": 100.0, "max_rtt": -1}, "soso.com": {"median_rtt": 177.369, "drop_rate": 10.0, "max_rtt": 205.172}, "msn.com": {"median_rtt": -1, "drop_rate": 100.0, "max_rtt": -1}, "sina.com.cn": {"median_rtt": -1, "drop_rate": 100.0, "max_rtt": -1}, "ebay.com": {"median_rtt": -1, "drop_rate": 100.0, "max_rtt": -1}, "live.com": {"median_rtt": -1, "drop_rate": 100.0, "max_rtt": -1}, "xvideos.com": {"median_rtt": -1, "drop_rate": 100.0, "max_rtt": -1}, "youku.com": {"median_rtt": 182.64400000000001, "drop_rate": 10.0, "max_rtt": 309.57999999999998}, "mail.ru": {"median_rtt": 274.99000000000001, "drop_rate": 0.0, "max_rtt": 326.94600000000003}, "onclickads.net": {"median_rtt": 145.89599999999999, "drop_rate": 0.0, "max_rtt": 186.16399999999999}, "google.com.hk": {"median_rtt": 4.4550000000000001, "drop_rate": 0.0, "max_rtt": 59.832999999999998}, "google.co.in": {"median_rtt": 4.0279999999999996, "drop_rate": 0.0, "max_rtt": 5.0629999999999997}, "google.co.id": {"median_rtt": 4.7199999999999998, "drop_rate": 0.0, "max_rtt": 5.8029999999999999}, "microsoftonline.com": {"median_rtt": -1, "drop_rate": 100.0, "max_rtt": -1}, "twitter.com": {"median_rtt": 7.7370000000000001, "drop_rate": 0.0, "max_rtt": 8.2439999999999998}, "pixnet.net": {"median_rtt": 141.50800000000001, "drop_rate": 0.0, "max_rtt": 142.65600000000001}, "blogger.com": {"median_rtt": 4.7880000000000003, "drop_rate": 0.0, "max_rtt": 119.054}, "google.com.tw": {"median_rtt": 4.4080000000000004, "drop_rate": 0.0, "max_rtt": 5.2569999999999997}, "yahoo.co.jp": {"median_rtt": 112.961, "drop_rate": 0.0, "max_rtt": 113.657}, "coccoc.com": {"median_rtt": 239.035, "drop_rate": 0.0, "max_rtt": 309.78300000000002}, "google.de": {"median_rtt": 4.3289999999999997, "drop_rate": 0.0, "max_rtt": 4.8390000000000004}, "apple.com": {"median_rtt": -1, "drop_rate": 100.0, "max_rtt": -1}, "amazon.de": {"median_rtt": -1, "drop_rate": 100.0, "max_rtt": -1}, "google.com.tr": {"median_rtt": 4.0579999999999998, "drop_rate": 0.0, "max_rtt": 4.8540000000000001}, "alibaba.com": {"median_rtt": 5.6680000000000001, "drop_rate": 0.0, "max_rtt": 6.0490000000000004}, "adf.ly": {"median_rtt": 4.9039999999999999, "drop_rate": 0.0, "max_rtt": 5.4729999999999999}, "google.es": {"median_rtt": 4.2939999999999996, "drop_rate": 0.0, "max_rtt": 5.3179999999999996}, "isanalyze.com": {"median_rtt": 71.792000000000002, "drop_rate": 0.0, "max_rtt": 72.084999999999994}, "qq.com": {"median_rtt": 485.02800000000002, "drop_rate": 20.0, "max_rtt": 629.26800000000003}, "paypal.com": {"median_rtt": -1, "drop_rate": 100.0, "max_rtt": -1}, "vk.com": {"median_rtt": 189.53700000000001, "drop_rate": 0.0, "max_rtt": 191.09399999999999}, "haosou.com": {"median_rtt": 186.89500000000001, "drop_rate": 0.0, "max_rtt": 243.673}, "youtube.com": {"median_rtt": 4.516, "drop_rate": 0.0, "max_rtt": 9.0850000000000009}, "sohu.com": {"median_rtt": 160.88200000000001, "drop_rate": 0.0, "max_rtt": 186.95599999999999}, "stackoverflow.com": {"median_rtt": 5.5949999999999998, "drop_rate": 0.0, "max_rtt": 6.1429999999999998}, "google.ru": {"median_rtt": 4.4720000000000004, "drop_rate": 0.0, "max_rtt": 78.244}, "linkedin.com": {"median_rtt": 12.802, "drop_rate": 0.0, "max_rtt": 13.869}, "bing.com": {"median_rtt": 4.0819999999999999, "drop_rate": 0.0, "max_rtt": 5.069}, "weibo.com": {"median_rtt": 175.01400000000001, "drop_rate": 0.0, "max_rtt": 224.488}, "google.co.uk": {"median_rtt": 4.1500000000000004, "drop_rate": 0.0, "max_rtt": 4.8730000000000002}, "google.co.kr": {"median_rtt": 4.3239999999999998, "drop_rate": 0.0, "max_rtt": 5.157}, "facebook.com": {"median_rtt": 5.1609999999999996, "drop_rate": 0.0, "max_rtt": 5.7770000000000001}, "pornhub.com": {"median_rtt": 149.988, "drop_rate": 0.0, "max_rtt": 211.126},