{"todayhumor.co.kr": {"median_rtt": 80.804000000000002, "drop_rate": 0.4, "max_rtt": 318.55399999999997}, "google.com": {"median_rtt": 4.2830000000000004, "drop_rate": 0.6, "max_rtt": 108.797}, "taobao.com": {"median_rtt": 342.404, "drop_rate": 69.6, "max_rtt": 597.62599999999998}, "zanvarsity.ac.tz": {"median_rtt": 327.81299999999999, "drop_rate": 0.6, "max_rtt": 555.07899999999995}}